Drug,Endocrine Gland,Reproductive System,Muscle,Liver,Heart,Spleen,Lung,Mouth,Pancreas,Blood,Spinal Column,Skin,Nerve,Urinary System,Adipose Tissue,Vascular System,Brain,Alimentary Canal
bromocriptine,33.459547550737724,23.30121105356836,0.22271858427779379,0.14611732629663063,0.3333883989430326,1.244548102612083,0.7503391286232743,3.1651471238574187,0.3098207614404285,0.016651840373081688,0.6623183839949125,7.93030828944531,2.845714713847661,1.915090730338105,2.8378007623906756,35.14983396256757,79.0626832643186,5.3172497651792865
